{"cameraMode":{"drawMode":0,"name":"Shaded","section":"Shading Mode"},"sceneLighting":false,"audioPlay":false,"sceneViewState":{"m_AlwaysRefresh":false,"showFog":true,"showSkybox":false,"showFlares":true,"showImageEffects":true,"showParticleSystems":true,"showVisualEffectGraphs":true,"m_FxEnabled":true},"in2DMode":false,"pivot":{"x":-0.2720000147819519,"y":0.8730533719062805,"z":0.3067615032196045},"rotation":{"x":0.04476253688335419,"y":0.09933899343013764,"z":-0.00446205073967576,"w":0.99406498670578},"size":0.08105704188346863,"orthographic":false}