{"cameraMode":{"drawMode":0,"name":"Shaded","section":"Shading Mode"},"sceneLighting":false,"audioPlay":false,"sceneViewState":{"m_AlwaysRefresh":false,"showFog":true,"showSkybox":false,"showFlares":true,"showImageEffects":true,"showParticleSystems":true,"showVisualEffectGraphs":true,"m_FxEnabled":true},"in2DMode":false,"pivot":{"x":-0.12559431791305543,"y":1.303498387336731,"z":0.01642073690891266},"rotation":{"x":-0.23730897903442384,"y":0.3501582145690918,"z":-0.09217281639575958,"w":-0.9014503359794617},"size":1.0792253017425538,"orthographic":false}