{"cameraMode":{"drawMode":0,"name":"Shaded","section":"Shading Mode"},"sceneLighting":false,"audioPlay":false,"sceneViewState":{"m_AlwaysRefresh":false,"showFog":true,"showSkybox":false,"showFlares":true,"showImageEffects":true,"showParticleSystems":true,"showVisualEffectGraphs":true,"m_FxEnabled":true},"in2DMode":false,"pivot":{"x":-0.570447564125061,"y":0.8511731028556824,"z":-0.20800000429153443},"rotation":{"x":-0.24820032715797425,"y":0.1466674953699112,"z":-0.03803634271025658,"w":-0.9568067193031311},"size":0.32021021842956545,"orthographic":false}