{"cameraMode":{"drawMode":0,"name":"Shaded","section":"Shading Mode"},"sceneLighting":false,"audioPlay":false,"sceneViewState":{"m_AlwaysRefresh":false,"showFog":true,"showSkybox":false,"showFlares":true,"showImageEffects":true,"showParticleSystems":true,"showVisualEffectGraphs":true,"m_FxEnabled":true},"in2DMode":false,"pivot":{"x":0.39730000495910647,"y":0.8897223472595215,"z":0.36265379190444949},"rotation":{"x":0.17533402144908906,"y":0.14474114775657655,"z":-0.02606303244829178,"w":0.9734870791435242},"size":0.1865675002336502,"orthographic":false}